,Tweet,Time,User
0,üá©üá™üá©üá™ Danke Deutschland!! üá©üá™üá©üá™,2022-03-22 13:30:39+00:00,elonmusk
1,@JaneidyEve @thesheetztweetz @QuiltyAnalytics New,2022-03-22 01:16:08+00:00,elonmusk
2,@ashleevance üêç üêì ü§î,2022-03-22 01:15:35+00:00,elonmusk
3,@ashleevance ü§£ü§£,2022-03-22 01:13:38+00:00,elonmusk
4,"@thesheetztweetz @QuiltyAnalytics First Starship orbital flight will be with Raptor 2 engines, as they are much more capable &amp; reliable. 230 ton or ~500k lb thrust at sea level.

We‚Äôll have 39 flightworthy engines built by next month, then another month to integrate, so hopefully May for orbital flight test.",2022-03-21 19:19:53+00:00,elonmusk
5,"@thesheetztweetz @QuiltyAnalytics SpaceX default plan was ~65% of global launch mass to orbit this year. Incremental demand might take that to ~70%, so not a major change. Those numbers don‚Äôt count Starship.

Rough math is ~16 tons * 50 launches = 800 tons. Rest of world is &lt;400 tons (mostly China).",2022-03-21 18:59:50+00:00,elonmusk
6,@DivesTech Makes a huge difference to capital efficiency to localize production within a continent,2022-03-21 18:42:03+00:00,elonmusk
7,Excited to hand over the first production cars made by Giga Berlin-Brandenburg tomorrow!,2022-03-21 18:38:32+00:00,elonmusk
8,@RationalEtienne @BillyM2k ü§£,2022-03-21 18:10:38+00:00,elonmusk
9,"@BillyM2k Ok, maybe I should play League then",2022-03-21 18:05:28+00:00,elonmusk
10,"@DoctorJack16 Main Tesla subjects will be scaling to extreme size, which is needed to shift humanity away from fossil fuels, and AI.

But I will also Include sections about SpaceX, Tesla and The Boring Company.",2022-03-21 06:20:49+00:00,elonmusk
11,"@cz_binance Managed to throw him, but it cost me smashing my c5-c6 disc &amp; 8 years of mega back pain! Finally fixed with c5-c6 disc fusion.",2022-03-21 06:13:28+00:00,elonmusk
12,@cz_binance https://t.co/SvZdL2Sk98,2022-03-21 05:44:43+00:00,elonmusk
13,@thebenbergman Working on it,2022-03-21 05:42:11+00:00,elonmusk
14,"@spideycyp_155 @ray4tesla @jchybow @NuovaRealta @RenataKonkoly @Kristennetten @EvaFoxU @GailAlfarATX @teslaownersSV @Tesmanian_com @Teslarati @teslectrics Giga Berlin-Brandenburg will be covered with beautiful art, inside and out",2022-03-20 18:34:02+00:00,elonmusk
15,@Teslarati @ResidentSponge The six seat Model X is best imo. There are times when I only want to offer that variant.,2022-03-20 17:25:04+00:00,elonmusk
16,https://t.co/qZSX2up9W0,2022-03-19 08:35:46+00:00,elonmusk
17,Also the heaviest Falcon 9 payload at 16.25 metric tons,2022-03-19 05:49:35+00:00,elonmusk
18,https://t.co/W4He1AVV3S https://t.co/xjZSweoEE2,2022-03-19 05:48:12+00:00,elonmusk
19,As it ends the cycle of retribution,2022-03-19 03:26:10+00:00,elonmusk
20,"The limbic instinct for vengeance is incredibly strong, which is why turn the other cheek is such a powerful idea",2022-03-19 03:24:17+00:00,elonmusk
21,@BillyM2k ü§£,2022-03-19 03:00:13+00:00,elonmusk
22,@mgsiegler Absolutely,2022-03-18 22:47:52+00:00,elonmusk
23,@teslaownersSV @PaperBagInvest True. That was mega pain.,2022-03-18 21:30:20+00:00,elonmusk
24,"@PaperBagInvest But reaching volume production with sustained positive cash flow was last achieved by an American car company, Chrysler, ~100 years ago!

Ford &amp; Tesla are the only American car companies to avoid bankruptcy. Even GM &amp; Chrysler went bankrupt in 2009.",2022-03-18 21:27:38+00:00,elonmusk
25,"@PaperBagInvest Prototypes are easy, production is hard. 

Making an electric car was not the hard part of Tesla ‚Äì dozens of companies have done that.",2022-03-18 21:25:58+00:00,elonmusk
26,"@MrManderly @mysteriouskat @Independent @rustyrockets Good point. Politicians &amp; political parties should be supported on their merits, not like they are one‚Äôs favorite sports team.",2022-03-18 20:42:49+00:00,elonmusk
27,"@Independent With so many mainstream media companies saying @rustyrockets is crazy/dangerous, I watched some of his videos. Ironically, he seemed more balanced &amp; insightful than those condemning him!

The groupthink among major media companies is more troubling. There should be more dissent.",2022-03-18 20:15:37+00:00,elonmusk
28,@WholeMarsBlog FSD releasing to Canada next week,2022-03-18 02:30:27+00:00,elonmusk
29,@Rainmaker1973 Yeah :),2022-03-17 13:52:30+00:00,elonmusk
30,"I have so much respect for the associates doing an honest day‚Äôs work at Tesla or SpaceX building &amp; servicing cars, rockets, Starlinks, batteries, solar &amp; many other things",2022-03-17 06:56:51+00:00,elonmusk
31,Working hard to make useful products &amp; services for your fellow humans is deeply morally good,2022-03-17 06:52:38+00:00,elonmusk
32,Working on Master Plan Part 3,2022-03-17 04:19:35+00:00,elonmusk
33,@WholeMarsBlog Took us way too long,2022-03-17 04:17:50+00:00,elonmusk
34,@engineers_feed üòâ,2022-03-16 20:07:34+00:00,elonmusk
35,@SpaceHub_SL 2029,2022-03-16 19:10:49+00:00,elonmusk
36,"@wowsuchcurrency True, I do support the current thing haha!",2022-03-16 18:06:07+00:00,elonmusk
37,@pmarca Yeah,2022-03-16 06:08:59+00:00,elonmusk
38,@engineers_feed Hardcore,2022-03-16 02:53:37+00:00,elonmusk
39,"@WholeMarsBlog They have no idea how hard FSD is. Only path to success imo is hardcore real-world AI software with dedicated NN inference acceleration ASICs in car, multibillion dollar NN training supercluster and 10+ billion miles of vehicle data. Good luck.",2022-03-16 00:17:21+00:00,elonmusk
40,"Thank you for the offer, but such excellent training would give me too much of an advantage. 

If he is afraid to fight, I will agree to use only my left hand and I am not even left-handed.

Elona",2022-03-15 20:32:20+00:00,elonmusk
41,@prosmoon ü§£,2022-03-15 20:26:46+00:00,elonmusk
42,"Telegram post by Ramzan Kadyrov, head of Chechen Republic! https://t.co/UyByR9kywq",2022-03-15 20:20:19+00:00,elonmusk
43,@Astra @SpaceflightInc Congrats!,2022-03-15 19:49:18+00:00,elonmusk
44,@Teslarati @ResidentSponge üí´ Starlink üí´,2022-03-15 18:48:31+00:00,elonmusk
45,@dogeofficialceo @EvaFoxU @Rogozin üéØ,2022-03-15 11:50:03+00:00,elonmusk
46,@EvaFoxU @Rogozin https://t.co/44fQNWBEdx,2022-03-15 11:24:42+00:00,elonmusk
47,"@Rogozin And ‚Ä¶ um ‚Ä¶ [flicks wrist] we should form a book club.

‚Äú–î—É—Ä–∞ —Å —Å–µ—Ä–¥—Ü–µ–º –∏ –±–µ–∑ —É–º–∞ —Ç–∞–∫–∞—è –∂–µ –Ω–µ—Å—á–∞—Å—Ç–Ω–∞—è –¥—É—Ä–∞, –∫–∞–∫ –∏ –¥—É—Ä–∞ —Å —É–º–æ–º –±–µ–∑ —Å–µ—Ä–¥—Ü–∞.‚Äù
–§–µ–¥–æ—Ä –î–æ—Å—Ç–æ–µ–≤—Å–∫–∏–π, –ò–¥–∏–æ—Ç",2022-03-15 11:05:20+00:00,elonmusk
48,@JaneidyEve @GailAlfarATX @Rogozin Ok :),2022-03-15 04:37:19+00:00,elonmusk
49,@Rogozin He can even bring his bear,2022-03-15 02:43:00+00:00,elonmusk
50,"@Rogozin I see you are a tough negotiator!

Ok, you can have 10% more pay per view money. https://t.co/Nrbkz9IsTP",2022-03-15 01:54:14+00:00,elonmusk
51,Congratulations SpaceX team for all that you have accomplished! https://t.co/mtRWrPnGGF,2022-03-15 00:46:22+00:00,elonmusk
52,@wonderofscience One day ‚Ä¶,2022-03-15 00:27:54+00:00,elonmusk
53,"@Tesla__Mania @jurijfedorov Yeah, I did manage to throw the world champion sumo wrestler, but at the cost of smashing a disc in my neck that caused me insane back pain for 7 years!",2022-03-14 14:38:17+00:00,elonmusk
54,@jurijfedorov Pretty much,2022-03-14 14:33:31+00:00,elonmusk
55,–í—ã —Å–æ–≥–ª–∞—Å–Ω—ã –Ω–∞ —ç—Ç–æ—Ç –±–æ–π? @KremlinRussia_E,2022-03-14 11:53:36+00:00,elonmusk
56,@KasiaKomorowicz I am absolutely serious,2022-03-14 11:46:36+00:00,elonmusk
57,@GraceRyanJess —ç—Ç–æ –±—ã–ª–æ –±—ã —á–µ—Å—Ç—å—é,2022-03-14 11:20:43+00:00,elonmusk
58,"I hereby challenge
–í–ª–∞–¥–∏–º–∏—Ä –ü—É—Ç–∏–Ω 
to single combat

Stakes are –£–∫—Ä–∞—ó–Ω–∞",2022-03-14 11:09:22+00:00,elonmusk
59,By the pricking of my thumbs ‚Ä¶,2022-03-14 10:47:57+00:00,elonmusk
60,There is a beauty to the biological substrate,2022-03-14 09:42:25+00:00,elonmusk
61,@crypto_birb ü§£,2022-03-14 08:46:00+00:00,elonmusk
62,@BTC_Archive ü§£,2022-03-14 08:41:28+00:00,elonmusk
63,https://t.co/Gw6xaw1u0N,2022-03-14 08:31:53+00:00,elonmusk
64,https://t.co/CfoJ3qdCRJ,2022-03-14 07:48:53+00:00,elonmusk
65,"@saylor As a general principle, for those looking for advice from this thread, it is generally better to own physical things like a home or stock in companies you think make good products, than dollars when inflation is high.

I still own &amp; won‚Äôt sell my Bitcoin, Ethereum or Doge fwiw.",2022-03-14 04:11:38+00:00,elonmusk
66,@saylor It is not entirely unpredictable that you would reach that conclusion,2022-03-14 04:00:40+00:00,elonmusk
67,@BLKMDL3 @Tesla Model S &amp; X are sublime,2022-03-14 02:39:12+00:00,elonmusk
68,And we are not alone https://t.co/1RpsIbGWMl,2022-03-14 01:48:03+00:00,elonmusk
69,Tesla &amp; SpaceX are seeing significant recent inflation pressure in raw materials &amp; logistics,2022-03-14 01:41:19+00:00,elonmusk
70,@Gfilche @profgalloway ü§£,2022-03-14 00:55:05+00:00,elonmusk
71,"@jchybow If this version performs well, we can probably lower min safety score to 95",2022-03-14 00:50:58+00:00,elonmusk
72,@Teslarati @Writer_01001101 Vector lanes is a particularly significant architectural improvement to Tesla AI,2022-03-14 00:48:43+00:00,elonmusk
73,What are your thoughts about probable inflation rate over next few years?,2022-03-13 21:39:30+00:00,elonmusk
74,"@RationalEtienne Always worth reading about the many civilizations that have risen and fallen ‚Ä¶ lessons we should take to heart. 

There is danger to a ‚ÄúUnited Earth‚Äù in that it may result in a collective fall or ossification of civilization.",2022-03-13 18:45:03+00:00,elonmusk
75,"@SirineAti @EvaFoxU The Story of Civilization, especially books 2 &amp; 11",2022-03-13 11:12:31+00:00,elonmusk
76,"@EvaFoxU Insightful analysis, ensconced in eloquent prose",2022-03-13 11:06:30+00:00,elonmusk
77,Fifteen Decisive Battles of the World,2022-03-13 11:02:24+00:00,elonmusk
78,"@RationalEtienne @archaeologyart @HardcoreHistory Cereal, but maybe I‚Äôve been doing it wrong all this time. I know it‚Äôs bad for you, but sugared cereal is amazing.",2022-03-12 19:42:46+00:00,elonmusk
79,@PPathole @SpaceX Me encanta el mariachi!,2022-03-12 18:16:01+00:00,elonmusk
80,@archaeologyart @HardcoreHistory The Forbidden Cereal ü•£,2022-03-12 09:32:34+00:00,elonmusk
81,"@haltman Little do they know, birds aren‚Äôt real! https://t.co/mBPzUQMxRN",2022-03-11 19:41:28+00:00,elonmusk
82,@waitbutwhy What if one atom at a time in your body was switched out for another atom? There would be you with all new atoms and another you with the original atoms ‚Äì Human of Theseus.,2022-03-11 00:31:09+00:00,elonmusk
83,@WholeMarsBlog @Erdayastronaut @CopSub This weekend,2022-03-10 05:44:23+00:00,elonmusk
84,"@FedorovMykhailo @OMarkarova You‚Äôre welcome. We have also sent power adapters for car cigarette lighters, solar/battery packs and generators for places where electricity is not available.",2022-03-09 21:49:49+00:00,elonmusk
85,"@PPathole @SpaceX Optimized, fully-reusable Starship is ~150t to same reference orbit as Saturn V. In expendable mode, Starship payload would be 250t to 300t.",2022-03-09 21:41:57+00:00,elonmusk
86,"@Erdayastronaut @CopSub In our experience, COPV gain/pain flattens out above 6000 psi and is &lt;1 above 10,000 psi, unless volume constrained like Dragon. 

Heating from pressurization &amp; cooling from depressurization also become major problems at very high pressure.",2022-03-09 21:36:46+00:00,elonmusk
87,"@Kristennetten @BBCScienceNews There is no direct evidence of that ad being run, but that does sum up the sales pitch. It is mind-blowing that he &amp; his crew *rowed* to a whaling station from the Antarctic!",2022-03-09 19:29:56+00:00,elonmusk
88,@EvaFoxU Very important that there be an organization tasked with regulation removal or the number of rules will grow every year until progress is completely buried by bureaucracy!,2022-03-09 19:27:00+00:00,elonmusk
89,@ashleevance Wow,2022-03-09 19:18:27+00:00,elonmusk
90,Another 48 Starlinks just reached orbit https://t.co/BLb2x69lvQ,2022-03-09 14:01:23+00:00,elonmusk
91,@BBCScienceNews Cool,2022-03-09 07:19:03+00:00,elonmusk
92,https://t.co/e3kFCmREaC,2022-03-09 06:47:17+00:00,elonmusk
93,@wintonARK @pmarca ESG should be deleted if not fixed,2022-03-08 18:26:28+00:00,elonmusk
94,@pmarca ESG rules have been twisted to insanity,2022-03-08 13:54:58+00:00,elonmusk
95,@SpaceX Another Starlink launch tomorrow,2022-03-07 20:44:40+00:00,elonmusk
96,"You are my favorite hello,
And my hardest goodbye.",2022-03-07 07:49:42+00:00,elonmusk
97,@hiromichimizuno @GailAlfarATX @Tesla @TeslaSolar @japan @vigold @SirineAti @DimaZeniuk @DogeUniversal @cb_doge @elonmuskbooks Áúü„ÅÆÂèã‰∫∫„Å®„ÅØ„ÄÅ‰∏ñÁïå„ÅåÈõ¢„Çå„Å¶„ÅÑ„Åè„Å®„Åç„Å´Ê≠©„Åø„Çà„Å£„Å¶Êù•„Å¶„Åè„Çå„Çã‰∫∫„ÅÆ„Åì„Å®„Åß„ÅÇ„Çã„ÄÇ,2022-03-07 07:08:48+00:00,elonmusk
